<application>
  <component name="ExportableFileTemplateSettings">
    <default_templates>
      <template name="React Component.ts" reformat="true" live-template-enabled="false">
        <template name="React Component.ts.child.1.ts" file-name="types" reformat="true" live-template-enabled="false" />
        <template name="React Component.ts.child.0.tsx" file-name="Component" reformat="true" live-template-enabled="true" />
      </template>
      <template name="React Component.ts.child.0.tsx" file-name="Component" reformat="true" live-template-enabled="true" />
      <template name="React Component.ts.child.1.ts" file-name="types" reformat="true" live-template-enabled="false" />
    </default_templates>
  </component>
</application>