<application>
  <component name="ProjectManager">
    <defaultProject>
      <component name="PrettierConfiguration">
        <option name="myRunOnReformat" value="true" />
        <option name="myFilesPattern" value="{**/*,*}.{js,ts,jsx,tsx,md,scss,css,json}" />
      </component>
      <component name="ProjectViewState">
        <option name="hideEmptyMiddlePackages" value="true" />
        <option name="showLibraryContents" value="true" />
      </component>
      <component name="PropertiesComponent">
        <property name="prettier.files.pattern" value="{**/*,*}.{js,ts,jsx,tsx,md,scss,css,json}" />
        <property name="settings.editor.selected.configurable" value="preferences.lookFeel" />
      </component>
    </defaultProject>
  </component>
</application>