<keymap version="1" name="Mac OS X 10.5+ copy" parent="Mac OS X 10.5+">
  <action id="EditorCloneCaretAbove">
    <keyboard-shortcut first-keystroke="alt up" />
  </action>
  <action id="EditorCloneCaretBelow">
    <keyboard-shortcut first-keystroke="alt down" />
  </action>
  <action id="EditorSelectWord" />
  <action id="EditorToggleCase" />
  <action id="EditorUnSelectWord" />
  <action id="ReformatWithPrettierAction">
    <keyboard-shortcut first-keystroke="shift meta p" />
  </action>
  <action id="ShelveChanges.UnshelveWithDialog" />
  <action id="StringManipulation.SwitchStyleAction">
    <keyboard-shortcut first-keystroke="shift meta u" />
  </action>
  <action id="SwitchApply">
    <keyboard-shortcut first-keystroke="ctrl alt enter" />
  </action>
  <action id="SwitchDown">
    <keyboard-shortcut first-keystroke="ctrl alt down" />
  </action>
  <action id="SwitchLeft">
    <keyboard-shortcut first-keystroke="ctrl alt left" />
  </action>
  <action id="SwitchRight">
    <keyboard-shortcut first-keystroke="ctrl alt right" />
  </action>
  <action id="SwitchUp">
    <keyboard-shortcut first-keystroke="ctrl alt up" />
  </action>
  <action id="Tool_External Tools_Prettier">
    <keyboard-shortcut first-keystroke="shift meta p" />
  </action>
  <action id="Vcs.ReformatCommitMessage" />
</keymap>